{
 "teacher_aupro": 25.938196586856417,
 "student_aupro": 29.40096499345854,
 "ratio": 1.1335007387659635,
 "corr": 0.9631533117186438
}