{
 "teacher_aupro": 25.243362876854448,
 "student_aupro": 21.987122102612556,
 "ratio": 0.8710060624597871,
 "corr": 0.7759056472364858
}