{
 "teacher_aupro": 41.871010899365416,
 "student_aupro": 36.187872031867784,
 "ratio": 0.8642703210305399,
 "corr": 0.7759056472364858
}