{
 "teacher_aupro": 41.871010899365416,
 "student_aupro": 35.882897547519086,
 "ratio": 0.8569866544125619,
 "corr": 0.6990309508108005
}