{
 "teacher_aupro": 41.871010899365416,
 "student_aupro": 28.768908230963795,
 "ratio": 0.6870841571059324,
 "corr": 0.5645674147620693,
 "M": 8192
}