{
 "teacher_aupro": 57.52161817993529,
 "student_aupro": 47.40880927776337,
 "ratio": 0.8241911611294087,
 "corr": 0.7000555757782257
}