{
 "teacher_aupro": 41.871010899365416,
 "student_aupro": 46.842747212490494,
 "ratio": 1.1187393427179095,
 "corr": 0.7992261065336438
}