{
 "teacher_aupro": 41.871010899365416,
 "student_aupro": 46.68535104989456,
 "ratio": 1.114980270290109,
 "corr": 0.7923843921731514
}