{
 "teacher_aupro": 41.871010899365416,
 "student_aupro": 20.37400368181165,
 "ratio": 0.4865897250672883,
 "corr": 0.576537157814915
}