{
 "teacher_aupro": 54.29891422781426,
 "student_aupro": 45.892360046085244,
 "ratio": 0.8451800684916309,
 "per_cat_teacher": {
  "can": 3.084647096585503,
  "fabric": 77.01885527616501,
  "fruit_jelly": 36.322737589563005,
  "rice": 81.64631503538547,
  "sheet_metal": 49.03451604756215,
  "vial": 87.8916136979522,
  "wallplugs": 57.52161817993529,
  "walnuts": 41.871010899365416
 },
 "per_cat_student": {
  "can": 1.2933542031682457,
  "fabric": 59.55288028535849,
  "fruit_jelly": 23.96511170414985,
  "rice": 76.820949671722,
  "sheet_metal": 32.08989027712904,
  "vial": 79.32253389949636,
  "wallplugs": 47.40880927776337,
  "walnuts": 46.68535104989456
 }
}