{
 "teacher_aupro": 50.90520707687535,
 "student_aupro": 46.08813380253582,
 "ratio": 0.9053716986738716,
 "per_cat_teacher": {
  "can": 3.084647096585503,
  "fabric": 77.01885527616501,
  "fruit_jelly": 81.64631503538547,
  "rice": 41.871010899365416
 },
 "per_cat_student": {
  "can": 1.2933542031682457,
  "fabric": 59.55288028535849,
  "fruit_jelly": 76.820949671722,
  "rice": 46.68535104989456
 }
}