{
 "teacher_aupro": 61.340217896319096,
 "student_aupro": 30.81849459106662,
 "ratio": 0.5024190595990038,
 "per_cat_teacher": {
  "can": 75.01898573579048,
  "fabric": 36.322737589563005,
  "fruit_jelly": 81.72104312406522,
  "rice": 49.03451604756215,
  "sheet_metal": 87.8916136979522,
  "vial": 57.52161817993529,
  "wallplugs": 41.871010899365416
 },
 "per_cat_student": {
  "can": 54.066550086504584,
  "fabric": 19.71921214145955,
  "fruit_jelly": 47.970309212724835,
  "rice": 27.253410211848824,
  "sheet_metal": 34.312354682032144,
  "vial": 12.033622121084763,
  "wallplugs": 20.37400368181165
 }
}