{
 "teacher_aupro": 61.340217896319096,
 "student_aupro": 55.014970417635865,
 "ratio": 0.8968825397820637,
 "per_cat_teacher": {
  "can": 75.01898573579048,
  "fabric": 36.322737589563005,
  "fruit_jelly": 81.72104312406522,
  "rice": 49.03451604756215,
  "sheet_metal": 87.8916136979522,
  "vial": 57.52161817993529,
  "wallplugs": 41.871010899365416
 },
 "per_cat_student": {
  "can": 71.51201487634592,
  "fabric": 25.576131941826734,
  "fruit_jelly": 77.55775475654102,
  "rice": 43.11607156546906,
  "sheet_metal": 79.66723434123153,
  "vial": 40.83283822954629,
  "wallplugs": 46.842747212490494
 }
}