{
 "teacher": 41.871010899365416,
 "head_d_1024geom": 45.52691124785345,
 "vs_e3c_student": 0.9719665082803896
}