{
 "headD": 27.4254434178609,
 "recon": 41.35404285136092,
 "g1": false
}