{
 "headD": 45.52721638164145,
 "recon": 57.94058187281943,
 "g1": true
}