{
 "headD": 4.73951121825722,
 "recon": 57.94058187281943,
 "g1": false
}