{
 "headD": 31.629241476898716,
 "reconJ": 46.766512989074485,
 "reconC": 47.791775569071895,
 "g1": false,
 "g2": false
}